type,url
3b1b,https://www.youtube.com/watch?v=U_85TaXbeIo
3b1b,https://www.youtube.com/watch?v=zjMuIxRvygQ
3b1b,https://www.youtube.com/watch?v=S9JGmA5_unY
3b1b,https://www.youtube.com/watch?v=v8VSDg_WQlA
3b1b,https://www.youtube.com/watch?v=rHLEWRxRGiM
3b1b,https://www.youtube.com/watch?v=-9OUyo8NFZg
3b1b,https://www.youtube.com/watch?v=cy8r7WSuT1I
jackychan,https://www.youtube.com/watch?v=B215g-Evv0U
jackychan,https://www.youtube.com/watch?v=MYs-FIMxePU
jackychan,https://www.youtube.com/watch?v=GKCfwcxbUMw
jackychan,https://www.youtube.com/watch?v=hPRYwQJvLFM
jackychan,https://www.youtube.com/watch?v=yyDFHouhmeY
jackychan,https://www.youtube.com/watch?v=WtfeiAYeuJ0
jackychan,https://www.youtube.com/watch?v=8sxwbaKJnZ4
jackychan,https://www.youtube.com/watch?v=TZfVLePl1Hs
jackychan,https://www.youtube.com/watch?v=TZfVLePl1Hs
jackychan,https://www.youtube.com/watch?v=CRK6shZ0Nxo
planetearth,https://www.youtube.com/watch?v=el4CQj-TCbA
planetearth,https://www.youtube.com/watch?v=SiezPjMVjTw
planetearth,https://www.youtube.com/watch?v=7qQely6VBUs
planetearth,https://www.youtube.com/watch?v=NGtzSd3wFY4
planetearth,https://www.youtube.com/watch?v=bbaX1yeSatQ
planetearth,https://www.youtube.com/watch?v=6bx5JUGVahk
planetearth,https://www.youtube.com/watch?v=PvWLbK_mNw0
planetearth,https://www.youtube.com/watch?v=tf1bytsDDho
planetearth,https://www.youtube.com/watch?v=jTpg0pODGk8
planetearth,https://www.youtube.com/watch?v=EWr8fzUz-Yw
animatedshorts,https://www.youtube.com/watch?v=B6uuIHpFkuo
animatedshorts,https://www.youtube.com/watch?v=AZS5cgybKcI
animatedshorts,https://www.youtube.com/watch?v=I5cFBi02O34
animatedshorts,https://www.youtube.com/watch?v=Bl1FOKpFY2Q
animatedshorts,https://www.youtube.com/watch?v=ofnCdC8P70g
animatedshorts,https://www.youtube.com/watch?v=e9dZQelULDk
animatedshorts,https://www.youtube.com/watch?v=LVLoc6FrLi0
animatedshorts,https://www.youtube.com/watch?v=uMVtpCPx8ow
animatedshorts,https://www.youtube.com/watch?v=zfC_GuHiP68
animatedshorts,https://www.youtube.com/watch?v=PfyJQEIsMt0
mandarinvocab,https://www.youtube.com/watch?v=87EKW3C8IHo
mandarinvocab,https://www.youtube.com/watch?v=lyRYhlfaqxs
mandarinvocab,https://www.youtube.com/watch?v=ySPatiyLWAo
mandarinvocab,https://www.youtube.com/watch?v=vPNF35pirEM
mandarinvocab,https://www.youtube.com/watch?v=NwrBnIBMS2E
mandarinvocab,https://www.youtube.com/watch?v=lYS-WnFmG54
mandarinvocab,https://www.youtube.com/watch?v=-CaUn6P8ir4
mandarinvocab,https://www.youtube.com/watch?v=EZtomXl6p08
mandarinvocab,https://www.youtube.com/watch?v=0Ta07y15Ces
mandarinvocab,https://www.youtube.com/watch?v=a68_irrmbkg